{
    "initial_position": [
        -0.5109983055964852,
        0.0010394110592092526
    ],
    "end_position": [
        -0.5780259457982928,
        0.1132908312390784
    ],
    "signal_true_position": [
        -0.45000000000000007,
        0.13333333333333328
    ],
    "distance_to_true_position": 0.12958527959512067,
    "total_travel_distance": 0.14457104809892987,
    "trial_duration": 4.115975618362427,
    "direction": "D1_L + D3_L"
}