{
    "initial_position": [
        -0.521919295516956,
        0.0014426378274423907
    ],
    "end_position": [
        -0.5038656323262497,
        -0.3680762198752514
    ],
    "signal_true_position": [
        -0.525,
        -0.2666666666666666
    ],
    "distance_to_true_position": 0.1035884114123489,
    "total_travel_distance": 0.37877246354299904,
    "trial_duration": 4.242719888687134,
    "direction": "D2_M"
}