{
    "initial_position": [
        -0.5138228735928435,
        0.0076408082107647605
    ],
    "end_position": [
        -0.5145208612215075,
        -0.3825437448429
    ],
    "signal_true_position": [
        -0.525,
        -0.3999999999999999
    ],
    "distance_to_true_position": 0.020360088252477756,
    "total_travel_distance": 0.39863171619982735,
    "trial_duration": 4.585924863815308,
    "direction": "D2_H"
}