{
    "initial_position": [
        -0.511395834274114,
        0.0067506834385338554
    ],
    "end_position": [
        -0.39538090543897453,
        -0.002253128141182316
    ],
    "signal_true_position": [
        -0.525,
        0.13333333333333328
    ],
    "distance_to_true_position": 0.18757611311145236,
    "total_travel_distance": 0.12783298720207653,
    "trial_duration": 4.755105257034302,
    "direction": "D1_L"
}