{
    "initial_position": [
        -0.5079427669572695,
        0.006515366498504035
    ],
    "end_position": [
        -0.45063010286552424,
        -0.10461573077843647
    ],
    "signal_true_position": [
        -0.45000000000000007,
        -0.2666666666666666
    ],
    "distance_to_true_position": 0.16205216089849717,
    "total_travel_distance": 0.15281532978499637,
    "trial_duration": 4.379194259643555,
    "direction": "D2_M + D3_L"
}