{
    "initial_position": [
        -0.5112345983724133,
        0.0049512551546359584
    ],
    "end_position": [
        -0.43866737449187454,
        -0.13777210829418152
    ],
    "signal_true_position": [
        -0.45000000000000007,
        -0.13333333333333333
    ],
    "distance_to_true_position": 0.012170913033148753,
    "total_travel_distance": 0.17721027487165358,
    "trial_duration": 6.7512993812561035,
    "direction": "D2_L + D3_L"
}