{
    "initial_position": [
        -0.512624585903251,
        0.0028378367807497806
    ],
    "end_position": [
        -0.6596616591166979,
        -0.14242194058206173
    ],
    "signal_true_position": [
        -0.6749999999999999,
        -0.13333333333333333
    ],
    "distance_to_true_position": 0.017828838514440917,
    "total_travel_distance": 0.23670281692112924,
    "trial_duration": 8.02638030052185,
    "direction": "D2_L + D4_M"
}