{
    "initial_position": [
        -0.5124374957951682,
        0.006560496709038549
    ],
    "end_position": [
        -0.5639340172582433,
        0.19858670969953157
    ],
    "signal_true_position": [
        -0.6749999999999999,
        0.13333333333333328
    ],
    "distance_to_true_position": 0.1288163640597766,
    "total_travel_distance": 0.21324791318146932,
    "trial_duration": 4.709042549133301,
    "direction": "D1_L + D4_M"
}