{
    "initial_position": [
        -0.504326278095043,
        0.0043828489929316535
    ],
    "end_position": [
        -0.3690583810866639,
        -0.001008292922533736
    ],
    "signal_true_position": [
        -0.3750000000000001,
        -1.586032892321652e-17
    ],
    "distance_to_true_position": 0.006026565350923053,
    "total_travel_distance": 0.14854096251695734,
    "trial_duration": 5.033060789108276,
    "direction": "D3_M"
}