{
    "initial_position": [
        -0.5163426101794036,
        0.002565032159342718
    ],
    "end_position": [
        -0.7333909209259828,
        -0.35069206366833694
    ],
    "signal_true_position": [
        -0.7499999999999999,
        -0.3999999999999999
    ],
    "distance_to_true_position": 0.052030126782223796,
    "total_travel_distance": 0.43061331072595693,
    "trial_duration": 7.166323661804199,
    "direction": "D2_H + D4_H"
}