{
    "initial_position": [
        -0.5141159709361174,
        0.003462864327877672
    ],
    "end_position": [
        -0.4236542183571683,
        0.2659580871961225
    ],
    "signal_true_position": [
        -0.45000000000000007,
        0.3999999999999999
    ],
    "distance_to_true_position": 0.13660649544766912,
    "total_travel_distance": 0.29956848341007725,
    "trial_duration": 6.054821729660034,
    "direction": "D1_H + D3_L"
}