{
    "initial_position": [
        -0.5100068177375539,
        0.007489881664014458
    ],
    "end_position": [
        -0.27561318807269397,
        0.09807966765807664
    ],
    "signal_true_position": [
        -0.30000000000000016,
        0.13333333333333328
    ],
    "distance_to_true_position": 0.042866508366329194,
    "total_travel_distance": 0.26985683451719616,
    "trial_duration": 6.04478907585144,
    "direction": "D1_L + D3_H"
}