{
    "initial_position": [
        -0.512713745486553,
        0.0038566751263841015
    ],
    "end_position": [
        -0.7335496130796512,
        -0.10862076805145665
    ],
    "signal_true_position": [
        -0.7499999999999999,
        -0.13333333333333333
    ],
    "distance_to_true_position": 0.029687137158038616,
    "total_travel_distance": 0.27294816955508655,
    "trial_duration": 6.135218620300293,
    "direction": "D2_L + D4_H"
}