{
    "initial_position": [
        -0.5152213244403236,
        0.0020152122591781813
    ],
    "end_position": [
        -0.7484146864132137,
        -0.0034132741999420985
    ],
    "signal_true_position": [
        -0.30000000000000016,
        -1.586032892321652e-17
    ],
    "distance_to_true_position": 0.4484276769244118,
    "total_travel_distance": 0.24225580161642973,
    "trial_duration": 6.134867906570435,
    "direction": "D3_H"
}