{
    "initial_position": [
        -0.5092054303201223,
        0.0057530608399981075
    ],
    "end_position": [
        -0.2836463123660259,
        -0.17064016960565845
    ],
    "signal_true_position": [
        -0.30000000000000016,
        -0.3999999999999999
    ],
    "distance_to_true_position": 0.22994211205812365,
    "total_travel_distance": 0.3442104076203068,
    "trial_duration": 14.279811143875122,
    "direction": "D2_H + D3_H"
}