{
    "user_id": "1",
    "trial_order": [
        3,
        1,
        1,
        3,
        2,
        2,
        1,
        3,
        2,
        1,
        3,
        2,
        2,
        1,
        3
    ],
    "responses": [
        1,
        2,
        3,
        1,
        2,
        3,
        1,
        2,
        3,
        1,
        2,
        3,
        1,
        2,
        3
    ],
    "response_times": [
        3.8693578243255615,
        3.175920009613037,
        1.0474357604980469,
        1.066913366317749,
        2.4649500846862793,
        2.2261788845062256,
        2.4017858505249023,
        1.4395763874053955,
        1.5873265266418457,
        0.6937422752380371,
        0.6907010078430176,
        1.15704345703125,
        0.8102238178253174,
        0.8211698532104492,
        5.122978448867798
    ],
    "confusion_matrix_percentages": [
        [
            40.0,
            40.0,
            20.0
        ],
        [
            20.0,
            20.0,
            60.0
        ],
        [
            40.0,
            40.0,
            20.0
        ]
    ],
    "avg_response_time_correct": 2.670864164829254,
    "avg_response_time_incorrect": 1.6265315359288997
}