{
    "initial_position": [
        -0.5134895302013673,
        0.0065919937238080525
    ],
    "end_position": [
        -0.43297011476485275,
        -0.0031075969763532177
    ],
    "signal_true_position": [
        -0.45000000000000007,
        -1.586032892321652e-17
    ],
    "distance_to_true_position": 0.017311099043380462,
    "total_travel_distance": 0.13744769013706873,
    "trial_duration": 5.853956460952759,
    "direction": "D3_L"
}