{
    "initial_position": [
        -0.5096295359854802,
        0.006016211193233201
    ],
    "end_position": [
        -0.4172335871297918,
        -0.35705043490724986
    ],
    "signal_true_position": [
        -0.45000000000000007,
        -0.3999999999999999
    ],
    "distance_to_true_position": 0.054021319439988905,
    "total_travel_distance": 0.38610615620678657,
    "trial_duration": 4.622827529907227,
    "direction": "D2_H + D3_L"
}