{
    "initial_position": [
        -0.5180394931344778,
        0.0035141250045999523
    ],
    "end_position": [
        -0.6573817430524942,
        -0.22468547797084998
    ],
    "signal_true_position": [
        -0.6749999999999999,
        -0.13333333333333333
    ],
    "distance_to_true_position": 0.0930355701210139,
    "total_travel_distance": 0.28514049020075244,
    "trial_duration": 7.051410675048828,
    "direction": "D2_L + D4_M"
}