{
    "initial_position": [
        -0.5137450161433191,
        0.0024896108759936975
    ],
    "end_position": [
        -0.5105277237336171,
        0.0028726678260918986
    ],
    "signal_true_position": [
        -0.45000000000000007,
        -0.13333333333333333
    ],
    "distance_to_true_position": 0.14904925391364565,
    "total_travel_distance": 0.49563215503010205,
    "trial_duration": 12.849913120269775,
    "direction": "D2_L + D3_L"
}