{
    "initial_position": [
        -0.5096453763275198,
        0.004686041767237567
    ],
    "end_position": [
        -0.28416072777394497,
        -0.014088045402265242
    ],
    "signal_true_position": [
        -0.30000000000000016,
        -0.13333333333333333
    ],
    "distance_to_true_position": 0.12029264831407785,
    "total_travel_distance": 0.23790261943536045,
    "trial_duration": 3.9670403003692627,
    "direction": "D2_L + D3_H"
}