{
    "initial_position": [
        -0.5118907297929193,
        0.004691449119947788
    ],
    "end_position": [
        -0.7270253391276383,
        -0.34647388129275297
    ],
    "signal_true_position": [
        -0.6749999999999999,
        -0.3999999999999999
    ],
    "distance_to_true_position": 0.07464369561595992,
    "total_travel_distance": 0.41732566128373977,
    "trial_duration": 4.987009525299072,
    "direction": "D2_H + D4_M"
}