{
    "initial_position": [
        -0.5108223548827037,
        0.006764308649086941
    ],
    "end_position": [
        -0.6471424981354893,
        0.0039586644014970584
    ],
    "signal_true_position": [
        -0.7499999999999999,
        -1.586032892321652e-17
    ],
    "distance_to_true_position": 0.10293365199802969,
    "total_travel_distance": 0.1598242296095702,
    "trial_duration": 5.203723192214966,
    "direction": "D4_H"
}