{
    "initial_position": [
        -0.5159792349906439,
        0.009848796826469053
    ],
    "end_position": [
        -0.42752612402729256,
        -0.3325007381100016
    ],
    "signal_true_position": [
        -0.45000000000000007,
        -0.2666666666666666
    ],
    "distance_to_true_position": 0.06956435915066546,
    "total_travel_distance": 0.3699609239559845,
    "trial_duration": 5.9708497524261475,
    "direction": "D2_M + D3_L"
}