{
    "initial_position": [
        -0.5126717319719902,
        0.0040075612720860965
    ],
    "end_position": [
        -0.7405472650816975,
        -0.004926282500913454
    ],
    "signal_true_position": [
        -0.6749999999999999,
        -1.586032892321652e-17
    ],
    "distance_to_true_position": 0.06573212471059445,
    "total_travel_distance": 0.24615976776351134,
    "trial_duration": 5.989847421646118,
    "direction": "D4_M"
}