{
    "initial_position": [
        -0.5117753097313101,
        0.0021764776633125607
    ],
    "end_position": [
        -0.37300455442791075,
        -0.009779683977182228
    ],
    "signal_true_position": [
        -0.3750000000000001,
        -1.586032892321652e-17
    ],
    "distance_to_true_position": 0.009981183382982478,
    "total_travel_distance": 0.14856482890106978,
    "trial_duration": 5.070069074630737,
    "direction": "D3_M"
}