{
    "initial_position": [
        -0.51361443607028,
        0.0029642505669588842
    ],
    "end_position": [
        -0.2861144531538344,
        -0.0953659464303321
    ],
    "signal_true_position": [
        -0.3750000000000001,
        -0.13333333333333333
    ],
    "distance_to_true_position": 0.0966548648873098,
    "total_travel_distance": 0.2580915763833769,
    "trial_duration": 4.746121644973755,
    "direction": "D2_L + D3_M"
}