{
    "initial_position": [
        -0.5159841044582678,
        0.005045566399869389
    ],
    "end_position": [
        -0.42818743798430353,
        -0.34019724178766547
    ],
    "signal_true_position": [
        -0.30000000000000016,
        -0.3999999999999999
    ],
    "distance_to_true_position": 0.14145101324056522,
    "total_travel_distance": 0.3664289520449326,
    "trial_duration": 5.834716558456421,
    "direction": "D2_H + D3_H"
}