{
    "initial_position": [
        -0.5111218085959746,
        0.007828577634796219
    ],
    "end_position": [
        -0.4408143237859019,
        -0.001147127875652132
    ],
    "signal_true_position": [
        -0.45000000000000007,
        -1.586032892321652e-17
    ],
    "distance_to_true_position": 0.009257027053722314,
    "total_travel_distance": 0.076209057591295,
    "trial_duration": 4.453724384307861,
    "direction": "D3_L"
}