{
    "initial_position": [
        -0.5147747318300055,
        0.003520055436240538
    ],
    "end_position": [
        -0.38660353371444917,
        -0.0004763230705430582
    ],
    "signal_true_position": [
        -0.3750000000000001,
        -1.586032892321652e-17
    ],
    "distance_to_true_position": 0.011613306089563274,
    "total_travel_distance": 0.13596365104565228,
    "trial_duration": 5.2029337882995605,
    "direction": "D3_M"
}