{
    "initial_position": [
        -0.5173263231721326,
        0.006735027590824283
    ],
    "end_position": [
        -0.6081245810622785,
        -0.12110078685732457
    ],
    "signal_true_position": [
        -0.6,
        -0.13333333333333333
    ],
    "distance_to_true_position": 0.014684822461482103,
    "total_travel_distance": 0.16940323028688023,
    "trial_duration": 4.659617900848389,
    "direction": "D2_L + D4_L"
}