{
    "initial_position": [
        -0.5199241761454255,
        0.003489695350207711
    ],
    "end_position": [
        -0.39326882346609376,
        -0.18215796665191675
    ],
    "signal_true_position": [
        -0.3750000000000001,
        -0.2666666666666666
    ],
    "distance_to_true_position": 0.08646080203779212,
    "total_travel_distance": 0.23604875945185316,
    "trial_duration": 6.9330737590789795,
    "direction": "D2_M + D3_M"
}