{
    "initial_position": [
        -0.5191746428675083,
        0.007921919692792989
    ],
    "end_position": [
        -0.5729249780778287,
        -0.3381322380108994
    ],
    "signal_true_position": [
        -0.6,
        -0.3999999999999999
    ],
    "distance_to_true_position": 0.06753278304368954,
    "total_travel_distance": 0.4435559856118267,
    "trial_duration": 8.029975175857544,
    "direction": "D2_H + D4_L"
}