{
    "initial_position": [
        -0.520862186682224,
        0.00013070589604844557
    ],
    "end_position": [
        -0.6325601466729487,
        -0.15144057953622891
    ],
    "signal_true_position": [
        -0.6749999999999999,
        -0.2666666666666666
    ],
    "distance_to_true_position": 0.12279329096417622,
    "total_travel_distance": 0.43646927846610906,
    "trial_duration": 6.828073263168335,
    "direction": "D2_M + D4_M"
}