{
    "initial_position": [
        -0.5181227269720745,
        0.0031296634010451845
    ],
    "end_position": [
        -0.6047411129647933,
        0.17751937829425682
    ],
    "signal_true_position": [
        -0.6,
        0.3999999999999999
    ],
    "distance_to_true_position": 0.22253113307292283,
    "total_travel_distance": 0.21149322509189533,
    "trial_duration": 8.810115098953247,
    "direction": "D1_H + D4_L"
}