{
    "initial_position": [
        -0.5118089165741855,
        0.010213788035480786
    ],
    "end_position": [
        -0.7405380618317345,
        0.007977238313281898
    ],
    "signal_true_position": [
        -0.7499999999999999,
        -1.586032892321652e-17
    ],
    "distance_to_true_position": 0.012375968851244314,
    "total_travel_distance": 0.23911359360997697,
    "trial_duration": 6.1321351528167725,
    "direction": "D4_H"
}