{
    "initial_position": [
        -0.522721020200013,
        0.006341482624130784
    ],
    "end_position": [
        -0.3146479441841621,
        -0.001209738120300674
    ],
    "signal_true_position": [
        -0.30000000000000016,
        -1.586032892321652e-17
    ],
    "distance_to_true_position": 0.014697813957933742,
    "total_travel_distance": 0.21267995783595992,
    "trial_duration": 5.083086729049683,
    "direction": "D3_H"
}