{
    "initial_position": [
        -0.5147587614644386,
        0.0047021123895950034
    ],
    "end_position": [
        -0.5974015272910951,
        0.22168540410131513
    ],
    "signal_true_position": [
        -0.6749999999999999,
        0.13333333333333328
    ],
    "distance_to_true_position": 0.11759086433794559,
    "total_travel_distance": 0.29738524258696925,
    "trial_duration": 10.44910478591919,
    "direction": "D1_L + D4_M"
}