{
    "initial_position": [
        -0.5182002494827468,
        0.0063404676194538795
    ],
    "end_position": [
        -0.6472889276656034,
        0.17314916785416132
    ],
    "signal_true_position": [
        -0.6749999999999999,
        0.3999999999999999
    ],
    "distance_to_true_position": 0.22853709452774093,
    "total_travel_distance": 0.21980397987456943,
    "trial_duration": 5.778894424438477,
    "direction": "D1_H + D4_M"
}