{
    "initial_position": [
        -0.5124902619493492,
        0.007680562273745889
    ],
    "end_position": [
        -0.3623392876623535,
        0.26281624159986355
    ],
    "signal_true_position": [
        -0.3750000000000001,
        0.3999999999999999
    ],
    "distance_to_true_position": 0.13776674927457502,
    "total_travel_distance": 0.30520840267998056,
    "trial_duration": 4.69101357460022,
    "direction": "D1_H + D3_M"
}