{
    "initial_position": [
        -0.5146639408937035,
        0.006693584142070781
    ],
    "end_position": [
        -0.7643535947793051,
        -0.004779040629654313
    ],
    "signal_true_position": [
        -0.7499999999999999,
        -1.586032892321652e-17
    ],
    "distance_to_true_position": 0.015128281872981613,
    "total_travel_distance": 0.26725770366570767,
    "trial_duration": 7.8987109661102295,
    "direction": "D4_H"
}