{
    "initial_position": [
        -0.5103381009942631,
        0.008756528948715717
    ],
    "end_position": [
        -0.5976997304436534,
        0.009240003680454134
    ],
    "signal_true_position": [
        -0.6,
        -1.586032892321652e-17
    ],
    "distance_to_true_position": 0.009522022266654336,
    "total_travel_distance": 0.0979612053274547,
    "trial_duration": 4.296099424362183,
    "direction": "D4_L"
}