{
    "initial_position": [
        -0.5124598528872819,
        0.007884279351866613
    ],
    "end_position": [
        -0.4389713539927175,
        0.0024881241452771596
    ],
    "signal_true_position": [
        -0.45000000000000007,
        -1.586032892321652e-17
    ],
    "distance_to_true_position": 0.011305830111772492,
    "total_travel_distance": 0.08401242818153667,
    "trial_duration": 3.5482544898986816,
    "direction": "D3_L"
}