{
    "initial_position": [
        -0.5162524878547241,
        0.006371931514508211
    ],
    "end_position": [
        -0.5067973268889637,
        0.19886971894514033
    ],
    "signal_true_position": [
        -0.525,
        0.2666666666666666
    ],
    "distance_to_true_position": 0.0701980300916102,
    "total_travel_distance": 0.20919459301352802,
    "trial_duration": 4.315086126327515,
    "direction": "D1_M"
}