{
    "initial_position": [
        -0.5125213072652898,
        0.009587055690524128
    ],
    "end_position": [
        -0.29581763803887134,
        -0.017447186934682942
    ],
    "signal_true_position": [
        -0.30000000000000016,
        -1.586032892321652e-17
    ],
    "distance_to_true_position": 0.01794147383878113,
    "total_travel_distance": 0.2303360400524764,
    "trial_duration": 5.098856449127197,
    "direction": "D3_H"
}