{
    "initial_position": [
        -0.5115336818167409,
        0.0056911838930448835
    ],
    "end_position": [
        -0.26808021173015284,
        -0.012262321230055467
    ],
    "signal_true_position": [
        -0.30000000000000016,
        -1.586032892321652e-17
    ],
    "distance_to_true_position": 0.03419411360367382,
    "total_travel_distance": 0.25166166614043345,
    "trial_duration": 4.704935550689697,
    "direction": "D3_H"
}