{
    "initial_position": [
        -0.5137917140163843,
        0.008894332561977483
    ],
    "end_position": [
        -0.2833565988614434,
        -0.1315026728748386
    ],
    "signal_true_position": [
        -0.30000000000000016,
        -0.13333333333333333
    ],
    "distance_to_true_position": 0.016743778521385467,
    "total_travel_distance": 0.3027143351552564,
    "trial_duration": 7.199143648147583,
    "direction": "D2_L + D3_H"
}