{
    "initial_position": [
        -0.5119845235405658,
        0.006176483050186948
    ],
    "end_position": [
        -0.45547444539902027,
        -0.06492075153209989
    ],
    "signal_true_position": [
        -0.45000000000000007,
        -0.13333333333333333
    ],
    "distance_to_true_position": 0.06863126766377925,
    "total_travel_distance": 0.10944623300382145,
    "trial_duration": 9.462583780288696,
    "direction": "D2_L + D3_L"
}