{
    "initial_position": [
        -0.5113822975863158,
        0.0036311280023840695
    ],
    "end_position": [
        -0.3870092725211674,
        -0.006228496178298588
    ],
    "signal_true_position": [
        -0.45000000000000007,
        -1.586032892321652e-17
    ],
    "distance_to_true_position": 0.06329791397001677,
    "total_travel_distance": 0.16083042287136215,
    "trial_duration": 6.2679643630981445,
    "direction": "D3_L"
}