{
    "initial_position": [
        -0.5164350525166985,
        0.0074654633314997915
    ],
    "end_position": [
        -0.6581663612954891,
        0.002797866513259223
    ],
    "signal_true_position": [
        -0.6749999999999999,
        -1.586032892321652e-17
    ],
    "distance_to_true_position": 0.017064567063363262,
    "total_travel_distance": 0.15120963427811382,
    "trial_duration": 6.1887593269348145,
    "direction": "D4_M"
}