{
    "initial_position": [
        -0.5116691053600522,
        0.006483310542302334
    ],
    "end_position": [
        -0.41949578700272216,
        -0.20220147835286784
    ],
    "signal_true_position": [
        -0.45000000000000007,
        -0.3999999999999999
    ],
    "distance_to_true_position": 0.20013685861523425,
    "total_travel_distance": 0.32171039215241126,
    "trial_duration": 9.06217074394226,
    "direction": "D2_H + D3_L"
}