{
    "initial_position": [
        -0.5153521689863871,
        0.00545990506220613
    ],
    "end_position": [
        -0.37745423585460536,
        -0.0018876843584279962
    ],
    "signal_true_position": [
        -0.3750000000000001,
        -1.586032892321652e-17
    ],
    "distance_to_true_position": 0.003096227683340423,
    "total_travel_distance": 0.1625582871674241,
    "trial_duration": 7.07990574836731,
    "direction": "D3_M"
}