{
    "initial_position": [
        -0.5124487515898297,
        0.00587385212143824
    ],
    "end_position": [
        -0.3003029844798311,
        -0.1317534719377453
    ],
    "signal_true_position": [
        -0.3750000000000001,
        -0.2666666666666666
    ],
    "distance_to_true_position": 0.15421158918701344,
    "total_travel_distance": 0.269131890776558,
    "trial_duration": 7.934472322463989,
    "direction": "D2_M + D3_M"
}