{
    "initial_position": [
        -0.518121352023999,
        0.006074828691701062
    ],
    "end_position": [
        -0.40289833700869193,
        -0.21465750795665167
    ],
    "signal_true_position": [
        -0.3750000000000001,
        -0.13333333333333333
    ],
    "distance_to_true_position": 0.0859763838854282,
    "total_travel_distance": 0.26650595480297534,
    "trial_duration": 7.494174957275391,
    "direction": "D2_L + D3_M"
}