{
    "initial_position": [
        -0.5136009551935828,
        0.006611675458026267
    ],
    "end_position": [
        -0.5632347763968268,
        -0.06596769287152952
    ],
    "signal_true_position": [
        -0.6,
        -0.13333333333333333
    ],
    "distance_to_true_position": 0.07674510526033786,
    "total_travel_distance": 0.10242193566483124,
    "trial_duration": 8.34299921989441,
    "direction": "D2_L + D4_L"
}