{
    "initial_position": [
        -0.5151207550052225,
        0.006201888917085563
    ],
    "end_position": [
        -0.4176071954111012,
        -0.14865512968619965
    ],
    "signal_true_position": [
        -0.45000000000000007,
        -0.2666666666666666
    ],
    "distance_to_true_position": 0.12237653635246713,
    "total_travel_distance": 0.43031454696508686,
    "trial_duration": 10.107135772705078,
    "direction": "D2_M + D3_L"
}