{
    "initial_position": [
        -0.5135898381962585,
        0.004528265049055735
    ],
    "end_position": [
        -0.6630612129132083,
        -0.26649195725852176
    ],
    "signal_true_position": [
        -0.6749999999999999,
        -0.13333333333333333
    ],
    "distance_to_true_position": 0.13369275882692191,
    "total_travel_distance": 0.34386949123025184,
    "trial_duration": 6.483956336975098,
    "direction": "D2_L + D4_M"
}