{
    "initial_position": [
        -0.5151608411173432,
        0.00580794386647164
    ],
    "end_position": [
        -0.4258754924691513,
        -0.21993981949091446
    ],
    "signal_true_position": [
        -0.3750000000000001,
        -0.2666666666666666
    ],
    "distance_to_true_position": 0.06907759391412498,
    "total_travel_distance": 0.2613004750377551,
    "trial_duration": 6.316916465759277,
    "direction": "D2_M + D3_M"
}