{
    "initial_position": [
        -0.5153462906697058,
        0.009485265531016307
    ],
    "end_position": [
        -0.38710556118607015,
        -0.14744150071026593
    ],
    "signal_true_position": [
        -0.3750000000000001,
        -0.13333333333333333
    ],
    "distance_to_true_position": 0.01858991657768347,
    "total_travel_distance": 0.23473414588354782,
    "trial_duration": 8.907033681869507,
    "direction": "D2_L + D3_M"
}