{
    "initial_position": [
        -0.5074831948778624,
        0.008467524944517163
    ],
    "end_position": [
        -0.5105088313354734,
        0.12240598930809485
    ],
    "signal_true_position": [
        -0.525,
        0.2666666666666666
    ],
    "distance_to_true_position": 0.14498667870262322,
    "total_travel_distance": 0.1303210160678545,
    "trial_duration": 10.474822759628296,
    "direction": "D1_M"
}