{
    "initial_position": [
        -0.5129125120279827,
        0.007304384861317209
    ],
    "end_position": [
        -0.46003076516193664,
        -0.23285709134206323
    ],
    "signal_true_position": [
        -0.45000000000000007,
        -0.13333333333333333
    ],
    "distance_to_true_position": 0.10002796937814017,
    "total_travel_distance": 0.26291266041595157,
    "trial_duration": 10.628837585449219,
    "direction": "D2_L + D3_L"
}