{
    "initial_position": [
        -0.5105228213197635,
        0.010504171642622906
    ],
    "end_position": [
        -0.4229466301933489,
        0.004214508902913555
    ],
    "signal_true_position": [
        -0.45000000000000007,
        -1.586032892321652e-17
    ],
    "distance_to_true_position": 0.027379680480023205,
    "total_travel_distance": 0.1002570973040714,
    "trial_duration": 6.515034198760986,
    "direction": "D3_L"
}