{
    "initial_position": [
        -0.5144595948568506,
        0.006679427934831148
    ],
    "end_position": [
        -0.3741979893563371,
        0.0023372522545060045
    ],
    "signal_true_position": [
        -0.3750000000000001,
        -1.586032892321652e-17
    ],
    "distance_to_true_position": 0.002471025935465321,
    "total_travel_distance": 0.17084173900180297,
    "trial_duration": 12.434921979904175,
    "direction": "D3_M"
}