{
    "initial_position": [
        -0.5154144325901066,
        0.008445058889697307
    ],
    "end_position": [
        -0.756120414075027,
        -0.01913597714178003
    ],
    "signal_true_position": [
        -0.7499999999999999,
        -1.586032892321652e-17
    ],
    "distance_to_true_position": 0.020090920576731085,
    "total_travel_distance": 0.25699101393785095,
    "trial_duration": 6.795900583267212,
    "direction": "D4_H"
}