{
    "initial_position": [
        -0.5131835471166216,
        0.0077174783882884915
    ],
    "end_position": [
        -0.6556859388226894,
        -0.006716283980319817
    ],
    "signal_true_position": [
        -0.6749999999999999,
        -1.586032892321652e-17
    ],
    "distance_to_true_position": 0.020448506783263973,
    "total_travel_distance": 0.15949277442369514,
    "trial_duration": 7.7380030155181885,
    "direction": "D4_M"
}