{
    "initial_position": [
        -0.5138024762275276,
        0.010509147901070007
    ],
    "end_position": [
        -0.28744155087221307,
        -0.004109808159762293
    ],
    "signal_true_position": [
        -0.30000000000000016,
        -1.586032892321652e-17
    ],
    "distance_to_true_position": 0.01321382486660334,
    "total_travel_distance": 0.4808574169025703,
    "trial_duration": 13.569835186004639,
    "direction": "D3_H"
}