{
    "initial_position": [
        -0.5138049302183243,
        0.009691937760653253
    ],
    "end_position": [
        -0.37581585891405817,
        0.22976979443675016
    ],
    "signal_true_position": [
        -0.30000000000000016,
        0.3999999999999999
    ],
    "distance_to_true_position": 0.1863501203353049,
    "total_travel_distance": 0.28996544277005143,
    "trial_duration": 9.13115668296814,
    "direction": "D1_H + D3_H"
}