{
    "initial_position": [
        -0.5166690016074016,
        0.009574034469085085
    ],
    "end_position": [
        -0.6597435746903013,
        -0.23131840052158903
    ],
    "signal_true_position": [
        -0.7499999999999999,
        -0.13333333333333333
    ],
    "distance_to_true_position": 0.13321897650699835,
    "total_travel_distance": 0.39234483666095177,
    "trial_duration": 13.911920070648193,
    "direction": "D2_L + D4_H"
}