{
    "initial_position": [
        -0.5189467831315691,
        0.0068975606914410265
    ],
    "end_position": [
        -0.585395518341723,
        -0.08180620100920075
    ],
    "signal_true_position": [
        -0.6,
        -0.13333333333333333
    ],
    "distance_to_true_position": 0.0535568506360822,
    "total_travel_distance": 0.21936399171882717,
    "trial_duration": 12.610275268554688,
    "direction": "D2_L + D4_L"
}