{
    "initial_position": [
        -0.5126879016658413,
        0.012509108467617963
    ],
    "end_position": [
        -0.43780490378229575,
        -0.19802772286275128
    ],
    "signal_true_position": [
        -0.45000000000000007,
        -0.2666666666666666
    ],
    "distance_to_true_position": 0.06971387938047999,
    "total_travel_distance": 0.31177675628221596,
    "trial_duration": 9.838155508041382,
    "direction": "D2_M + D3_L"
}