{
    "initial_position": [
        -0.5140063238034778,
        0.0040552075497804485
    ],
    "end_position": [
        -0.3031730629888628,
        -0.3979159143716773
    ],
    "signal_true_position": [
        -0.30000000000000016,
        -0.3999999999999999
    ],
    "distance_to_true_position": 0.0037962799735360648,
    "total_travel_distance": 0.4917145930230667,
    "trial_duration": 4.543009519577026,
    "direction": "D2_H + D3_H"
}