{
    "initial_position": [
        -0.5102542668576799,
        0.00734110943962927
    ],
    "end_position": [
        -0.7538397104605414,
        -0.00010490614059501836
    ],
    "signal_true_position": [
        -0.6749999999999999,
        -0.13333333333333333
    ],
    "distance_to_true_position": 0.15480798996741993,
    "total_travel_distance": 0.2509058638500688,
    "trial_duration": 4.884891510009766,
    "direction": "D2_L + D4_M"
}