{
    "initial_position": [
        -0.5186173714777419,
        0.00397755614544577
    ],
    "end_position": [
        -0.2903393125667577,
        -0.10145193275352277
    ],
    "signal_true_position": [
        -0.30000000000000016,
        -0.13333333333333333
    ],
    "distance_to_true_position": 0.03331294920317254,
    "total_travel_distance": 0.2927086649864598,
    "trial_duration": 11.241005182266235,
    "direction": "D2_L + D3_H"
}