{
    "initial_position": [
        -0.5148979083250202,
        0.004068344803214878
    ],
    "end_position": [
        -0.35762685398485944,
        -0.32582346522966343
    ],
    "signal_true_position": [
        -0.45000000000000007,
        -0.3999999999999999
    ],
    "distance_to_true_position": 0.11846922138373928,
    "total_travel_distance": 0.3942901666894515,
    "trial_duration": 6.499007940292358,
    "direction": "D2_H + D3_L"
}