{
    "initial_position": [
        -0.5057295342759182,
        0.0045292345048853384
    ],
    "end_position": [
        -0.7614064079448055,
        -0.01037943046178476
    ],
    "signal_true_position": [
        -0.7499999999999999,
        -1.586032892321652e-17
    ],
    "distance_to_true_position": 0.015422020584681829,
    "total_travel_distance": 0.2734389660696596,
    "trial_duration": 4.589282274246216,
    "direction": "D4_H"
}