{
    "initial_position": [
        -0.5109492181233231,
        0.005883860809039493
    ],
    "end_position": [
        -0.27278233800751456,
        -0.020863773135698663
    ],
    "signal_true_position": [
        -0.30000000000000016,
        -1.586032892321652e-17
    ],
    "distance_to_true_position": 0.034294287480498786,
    "total_travel_distance": 0.24867217775838638,
    "trial_duration": 4.9040398597717285,
    "direction": "D3_H"
}