{
    "initial_position": [
        -0.51353623428831,
        -0.00030743229741613323
    ],
    "end_position": [
        -0.41961194432299354,
        7.181251846609393e-05
    ],
    "signal_true_position": [
        -0.45000000000000007,
        -1.586032892321652e-17
    ],
    "distance_to_true_position": 0.030388140529928075,
    "total_travel_distance": 0.10499907916389116,
    "trial_duration": 3.5217039585113525,
    "direction": "D3_L"
}