{
    "initial_position": [
        -0.5134187244881998,
        0.00019332343283835762
    ],
    "end_position": [
        -0.7624320304696345,
        -0.03245570766646222
    ],
    "signal_true_position": [
        -0.6749999999999999,
        -1.586032892321652e-17
    ],
    "distance_to_true_position": 0.0932616368726925,
    "total_travel_distance": 0.262600278780775,
    "trial_duration": 5.68995213508606,
    "direction": "D4_M"
}