{
    "initial_position": [
        -0.5083785360068562,
        0.004677686027889538
    ],
    "end_position": [
        -0.731616498747365,
        -0.08780809438129121
    ],
    "signal_true_position": [
        -0.7499999999999999,
        -0.13333333333333333
    ],
    "distance_to_true_position": 0.049096848167129434,
    "total_travel_distance": 0.2532941172076175,
    "trial_duration": 4.67594313621521,
    "direction": "D2_L + D4_H"
}