{
    "initial_position": [
        -0.5122088231988452,
        0.005904920064621893
    ],
    "end_position": [
        -0.606046287165251,
        0.009524418046069771
    ],
    "signal_true_position": [
        -0.6,
        -0.13333333333333333
    ],
    "distance_to_true_position": 0.14298564514546216,
    "total_travel_distance": 0.10337969122553269,
    "trial_duration": 4.673253059387207,
    "direction": "D2_L + D4_L"
}