{
    "initial_position": [
        -0.5177527197152222,
        0.005857758431714644
    ],
    "end_position": [
        -0.3751813639784806,
        -0.005418079388926522
    ],
    "signal_true_position": [
        -0.3750000000000001,
        -0.13333333333333333
    ],
    "distance_to_true_position": 0.12791538251732967,
    "total_travel_distance": 0.15727309495784716,
    "trial_duration": 5.831292629241943,
    "direction": "D2_L + D3_M"
}