{
    "initial_position": [
        -0.5105501971060703,
        0.006248460384097895
    ],
    "end_position": [
        -0.5106953713495025,
        -0.19596182707368942
    ],
    "signal_true_position": [
        -0.525,
        -0.2666666666666666
    ],
    "distance_to_true_position": 0.0721373463796477,
    "total_travel_distance": 0.22179282406056106,
    "trial_duration": 4.026116609573364,
    "direction": "D2_M"
}