{
    "initial_position": [
        -0.5130132527510947,
        0.009350835050430328
    ],
    "end_position": [
        -0.3771777493919026,
        -0.0027722970721205387
    ],
    "signal_true_position": [
        -0.3750000000000001,
        -1.586032892321652e-17
    ],
    "distance_to_true_position": 0.0035253685580403597,
    "total_travel_distance": 0.15739455995673127,
    "trial_duration": 3.254901170730591,
    "direction": "D3_M"
}