{
    "initial_position": [
        -0.5169390470525964,
        0.002635694255188682
    ],
    "end_position": [
        -0.3066898546175412,
        -0.39112813523202894
    ],
    "signal_true_position": [
        -0.3750000000000001,
        -0.3999999999999999
    ],
    "distance_to_true_position": 0.06888385838956637,
    "total_travel_distance": 0.462222729818223,
    "trial_duration": 6.221996784210205,
    "direction": "D2_H + D3_M"
}