{
    "initial_position": [
        -0.509830265379484,
        0.0024059781878366104
    ],
    "end_position": [
        -0.6179576956309213,
        -0.19315781191256132
    ],
    "signal_true_position": [
        -0.45000000000000007,
        -0.2666666666666666
    ],
    "distance_to_true_position": 0.18333940997207698,
    "total_travel_distance": 0.32667930958717745,
    "trial_duration": 6.376420259475708,
    "direction": "D2_M + D3_L"
}