{
    "initial_position": [
        -0.5139778257244906,
        0.00635815935373403
    ],
    "end_position": [
        -0.37272720132122983,
        -0.004481261525249164
    ],
    "signal_true_position": [
        -0.3750000000000001,
        -1.586032892321652e-17
    ],
    "distance_to_true_position": 0.005024671003349201,
    "total_travel_distance": 0.1547460349300098,
    "trial_duration": 4.618258476257324,
    "direction": "D3_M"
}