{
    "initial_position": [
        -0.5173694687003255,
        0.0028775353395041094
    ],
    "end_position": [
        -0.3853283675116575,
        -0.3048612609124261
    ],
    "signal_true_position": [
        -0.3750000000000001,
        0.2666666666666666
    ],
    "distance_to_true_position": 0.5716212445127531,
    "total_travel_distance": 0.37648950947473897,
    "trial_duration": 7.258870840072632,
    "direction": "D1_M + D3_M"
}