{
    "initial_position": [
        -0.5164158513133318,
        0.00312710956437081
    ],
    "end_position": [
        -0.6335983120971871,
        0.005246568096078062
    ],
    "signal_true_position": [
        -0.6,
        -1.586032892321652e-17
    ],
    "distance_to_true_position": 0.03400548562462789,
    "total_travel_distance": 0.12561626450875923,
    "trial_duration": 6.087114572525024,
    "direction": "D4_L"
}