{
    "initial_position": [
        -0.5179322858305487,
        0.0031494333027066446
    ],
    "end_position": [
        -0.4266135714308195,
        -0.008589017864951226
    ],
    "signal_true_position": [
        -0.45000000000000007,
        -1.586032892321652e-17
    ],
    "distance_to_true_position": 0.024913776692943108,
    "total_travel_distance": 0.10392806239091115,
    "trial_duration": 8.24155592918396,
    "direction": "D3_L"
}