{
    "initial_position": [
        -0.5155381861644028,
        0.0049451050367797095
    ],
    "end_position": [
        -0.3491875090674155,
        -0.35036858314314195
    ],
    "signal_true_position": [
        -0.30000000000000016,
        -0.3999999999999999
    ],
    "distance_to_true_position": 0.06987623764539898,
    "total_travel_distance": 0.42909587547971356,
    "trial_duration": 9.21842336654663,
    "direction": "D2_H + D3_H"
}