{
    "initial_position": [
        -0.5146717319177323,
        0.0053398274896283154
    ],
    "end_position": [
        -0.7326622558448344,
        0.012737612596368963
    ],
    "signal_true_position": [
        -0.7499999999999999,
        0.13333333333333328
    ],
    "distance_to_true_position": 0.12183564844682307,
    "total_travel_distance": 0.23824980229546452,
    "trial_duration": 8.22700572013855,
    "direction": "D1_L + D4_H"
}