{
    "initial_position": [
        -0.5137774994813367,
        0.0023275898170004583
    ],
    "end_position": [
        -0.42996949947140495,
        -0.1253573726595456
    ],
    "signal_true_position": [
        -0.45000000000000007,
        -0.13333333333333333
    ],
    "distance_to_true_position": 0.02156007653269945,
    "total_travel_distance": 0.1779040122020738,
    "trial_duration": 8.029143571853638,
    "direction": "D2_L + D3_L"
}