{
    "initial_position": [
        -0.5101881709469672,
        0.006286964847642129
    ],
    "end_position": [
        -0.6060734859494069,
        0.10134507956062222
    ],
    "signal_true_position": [
        -0.6,
        0.13333333333333328
    ],
    "distance_to_true_position": 0.03255972375504753,
    "total_travel_distance": 0.15669944171751374,
    "trial_duration": 5.485927104949951,
    "direction": "D1_L + D4_L"
}