{
    "initial_position": [
        -0.5114876214266754,
        0.003726097413601905
    ],
    "end_position": [
        -0.43002275208759744,
        -0.2990911671124339
    ],
    "signal_true_position": [
        -0.45000000000000007,
        -0.2666666666666666
    ],
    "distance_to_true_position": 0.038084625025214015,
    "total_travel_distance": 0.32933061557350635,
    "trial_duration": 5.650690793991089,
    "direction": "D2_M + D3_L"
}