{
    "initial_position": [
        -0.5145204018476945,
        0.0015692261776741045
    ],
    "end_position": [
        -0.38780721368309723,
        -0.2650948750051092
    ],
    "signal_true_position": [
        -0.3750000000000001,
        -0.2666666666666666
    ],
    "distance_to_true_position": 0.012903303892873773,
    "total_travel_distance": 0.3788441856170042,
    "trial_duration": 7.2391297817230225,
    "direction": "D2_M + D3_M"
}