{
    "initial_position": [
        -0.5163920181296828,
        0.004211776086377794
    ],
    "end_position": [
        -0.7228444886343658,
        -0.14107811336941437
    ],
    "signal_true_position": [
        -0.7499999999999999,
        -0.13333333333333333
    ],
    "distance_to_true_position": 0.028238332375272485,
    "total_travel_distance": 0.36358071913680007,
    "trial_duration": 7.01703953742981,
    "direction": "D2_L + D4_H"
}