{
    "initial_position": [
        -0.5157504412864244,
        0.0030184938523587054
    ],
    "end_position": [
        -0.3821849452021283,
        -0.013582736350128655
    ],
    "signal_true_position": [
        -0.45000000000000007,
        0.13333333333333328
    ],
    "distance_to_true_position": 0.1618122776196979,
    "total_travel_distance": 0.2676650721528759,
    "trial_duration": 10.515874147415161,
    "direction": "D1_L + D3_L"
}