{
    "initial_position": [
        -0.5194679970076176,
        0.006595398184057397
    ],
    "end_position": [
        -0.3064069836238605,
        -0.016663231316117202
    ],
    "signal_true_position": [
        -0.30000000000000016,
        -1.586032892321652e-17
    ],
    "distance_to_true_position": 0.017852526909399768,
    "total_travel_distance": 0.24612909011603967,
    "trial_duration": 10.259903192520142,
    "direction": "D3_H"
}