{
    "initial_position": [
        -0.5152509354000285,
        0.00585841413321269
    ],
    "end_position": [
        -0.7341186100191972,
        0.009418566060214982
    ],
    "signal_true_position": [
        -0.7499999999999999,
        -1.586032892321652e-17
    ],
    "distance_to_true_position": 0.018464233922721347,
    "total_travel_distance": 0.23363050448158226,
    "trial_duration": 6.561065912246704,
    "direction": "D4_H"
}