{
    "initial_position": [
        -0.5149181100730886,
        0.00485079714099354
    ],
    "end_position": [
        -0.6663305126737061,
        0.22249907762132184
    ],
    "signal_true_position": [
        -0.6749999999999999,
        0.2666666666666666
    ],
    "distance_to_true_position": 0.04501039804955326,
    "total_travel_distance": 0.28784135932155813,
    "trial_duration": 6.870830774307251,
    "direction": "D1_M + D4_M"
}