{
    "initial_position": [
        -0.5171856997719184,
        0.00478686555442101
    ],
    "end_position": [
        -0.6397231442332183,
        0.0034480150128124998
    ],
    "signal_true_position": [
        -0.6749999999999999,
        -1.586032892321652e-17
    ],
    "distance_to_true_position": 0.03544496241102387,
    "total_travel_distance": 0.12779229105741083,
    "trial_duration": 3.898996353149414,
    "direction": "D4_M"
}