{
    "initial_position": [
        -0.5142211945125509,
        0.0051535725692436335
    ],
    "end_position": [
        -0.30222524388374844,
        -0.19851065119825087
    ],
    "signal_true_position": [
        -0.45000000000000007,
        -0.3999999999999999
    ],
    "distance_to_true_position": 0.24987063898299564,
    "total_travel_distance": 0.38164253381802205,
    "trial_duration": 6.731031656265259,
    "direction": "D2_H + D3_L"
}