{
    "initial_position": [
        -0.5152648095811948,
        0.006385106315230404
    ],
    "end_position": [
        -0.5737014697311511,
        -0.2838189672468796
    ],
    "signal_true_position": [
        -0.6749999999999999,
        -0.3999999999999999
    ],
    "distance_to_true_position": 0.15414092450160827,
    "total_travel_distance": 0.3028532896551123,
    "trial_duration": 4.959849119186401,
    "direction": "D2_H + D4_M"
}