{
    "initial_position": [
        -0.5175816961564401,
        0.007220348963505374
    ],
    "end_position": [
        -0.4036073073625283,
        -0.0012675742037648041
    ],
    "signal_true_position": [
        -0.45000000000000007,
        -1.586032892321652e-17
    ],
    "distance_to_true_position": 0.04641000618958131,
    "total_travel_distance": 0.12097107220701349,
    "trial_duration": 3.970083713531494,
    "direction": "D3_L"
}