{
    "initial_position": [
        -0.5186759158433804,
        0.0035417252008489095
    ],
    "end_position": [
        -0.3554723210179287,
        0.23506090972485832
    ],
    "signal_true_position": [
        -0.30000000000000016,
        0.13333333333333328
    ],
    "distance_to_true_position": 0.11586922886430928,
    "total_travel_distance": 0.29568263040080833,
    "trial_duration": 5.746988534927368,
    "direction": "D1_L + D3_H"
}