{
    "initial_position": [
        -0.5136857886620266,
        0.005728269776141742
    ],
    "end_position": [
        -0.44042704576257874,
        -0.2664958696639086
    ],
    "signal_true_position": [
        -0.30000000000000016,
        -0.3999999999999999
    ],
    "distance_to_true_position": 0.19376043971461615,
    "total_travel_distance": 0.29732784493275527,
    "trial_duration": 5.422990083694458,
    "direction": "D2_H + D3_H"
}