{
    "initial_position": [
        -0.5173928784461901,
        0.0071226609910748084
    ],
    "end_position": [
        -0.3806983941090487,
        0.005481637537547636
    ],
    "signal_true_position": [
        -0.525,
        0.3999999999999999
    ],
    "distance_to_true_position": 0.42008057772618135,
    "total_travel_distance": 0.1453341185877665,
    "trial_duration": 4.759008169174194,
    "direction": "D1_H"
}