{
    "initial_position": [
        -0.5129418790796726,
        0.00527388696372582
    ],
    "end_position": [
        -0.4373288946041893,
        0.27048583483042415
    ],
    "signal_true_position": [
        -0.45000000000000007,
        0.13333333333333328
    ],
    "distance_to_true_position": 0.13773658039482925,
    "total_travel_distance": 0.28656066938744745,
    "trial_duration": 6.016192436218262,
    "direction": "D1_L + D3_L"
}