{
    "initial_position": [
        -0.5144795464160541,
        0.0032252799193892134
    ],
    "end_position": [
        -0.38545323107218166,
        0.167142469024928
    ],
    "signal_true_position": [
        -0.45000000000000007,
        0.3999999999999999
    ],
    "distance_to_true_position": 0.24163798358459243,
    "total_travel_distance": 0.2247283313779078,
    "trial_duration": 5.106818199157715,
    "direction": "D1_H + D3_L"
}