{
    "initial_position": [
        -0.5102541209067086,
        0.0009431027606579823
    ],
    "end_position": [
        -0.2921006072171797,
        -0.10692108356052443
    ],
    "signal_true_position": [
        -0.3750000000000001,
        -0.2666666666666666
    ],
    "distance_to_true_position": 0.17997488893087757,
    "total_travel_distance": 0.26600443434819293,
    "trial_duration": 6.106939077377319,
    "direction": "D2_M + D3_M"
}