{
    "initial_position": [
        -0.508477529296223,
        0.002512032308653156
    ],
    "end_position": [
        -0.2849128145594794,
        -0.002114315721477064
    ],
    "signal_true_position": [
        -0.3750000000000001,
        -1.586032892321652e-17
    ],
    "distance_to_true_position": 0.09011199316164774,
    "total_travel_distance": 0.22908293503419308,
    "trial_duration": 4.473794460296631,
    "direction": "D3_M"
}