{
    "initial_position": [
        -0.5116450075826052,
        0.0058488328152837415
    ],
    "end_position": [
        -0.2922885542246793,
        -0.004052954078390118
    ],
    "signal_true_position": [
        -0.30000000000000016,
        -1.586032892321652e-17
    ],
    "distance_to_true_position": 0.008711649252997545,
    "total_travel_distance": 0.2288021376646358,
    "trial_duration": 6.032987833023071,
    "direction": "D3_H"
}