{
    "initial_position": [
        -0.5138500637614347,
        0.005655701515092926
    ],
    "end_position": [
        -0.7338570319596123,
        0.006677254916266098
    ],
    "signal_true_position": [
        -0.7499999999999999,
        -1.586032892321652e-17
    ],
    "distance_to_true_position": 0.01746943474671622,
    "total_travel_distance": 0.22733858377946115,
    "trial_duration": 4.8040611743927,
    "direction": "D4_H"
}