{
    "initial_position": [
        -0.5131131880011337,
        0.008929623954207672
    ],
    "end_position": [
        -0.5046420760571905,
        0.17583927468065993
    ],
    "signal_true_position": [
        -0.525,
        0.13333333333333328
    ],
    "distance_to_true_position": 0.047129609770117896,
    "total_travel_distance": 0.17447009375158432,
    "trial_duration": 4.973311185836792,
    "direction": "D1_L"
}