{
    "initial_position": [
        -0.5134331866847112,
        0.003849797123232704
    ],
    "end_position": [
        -0.42343869182085236,
        -0.09963602445645806
    ],
    "signal_true_position": [
        -0.45000000000000007,
        -0.13333333333333333
    ],
    "distance_to_true_position": 0.04290701245404061,
    "total_travel_distance": 0.15308389260873703,
    "trial_duration": 4.69318962097168,
    "direction": "D2_L + D3_L"
}