{
    "initial_position": [
        -0.5177969195577367,
        0.00045660054141904993
    ],
    "end_position": [
        -0.33820077206057986,
        -0.33357231218554806
    ],
    "signal_true_position": [
        -0.3750000000000001,
        -0.13333333333333333
    ],
    "distance_to_true_position": 0.20359231770554387,
    "total_travel_distance": 0.3925189232076535,
    "trial_duration": 7.126924753189087,
    "direction": "D2_L + D3_M"
}