{
    "initial_position": [
        -0.5196755227685274,
        0.002687813120788307
    ],
    "end_position": [
        -0.31193904047284854,
        0.06078876628897794
    ],
    "signal_true_position": [
        -0.30000000000000016,
        0.13333333333333328
    ],
    "distance_to_true_position": 0.07352043862127916,
    "total_travel_distance": 0.24062840247942402,
    "trial_duration": 9.073411464691162,
    "direction": "D1_L + D3_H"
}