{
    "initial_position": [
        -0.5177240419315483,
        0.0037140547563996595
    ],
    "end_position": [
        -0.5109099675434579,
        -0.08974131236177185
    ],
    "signal_true_position": [
        -0.525,
        -0.13333333333333333
    ],
    "distance_to_true_position": 0.04581258895774684,
    "total_travel_distance": 0.09728212402827034,
    "trial_duration": 3.3328588008880615,
    "direction": "D2_L"
}