{
    "initial_position": [
        -0.5158182194440137,
        0.003942800984439651
    ],
    "end_position": [
        -0.311744257399384,
        -0.005735415150829953
    ],
    "signal_true_position": [
        -0.30000000000000016,
        -1.586032892321652e-17
    ],
    "distance_to_true_position": 0.013069910818951737,
    "total_travel_distance": 0.7963983129948207,
    "trial_duration": 6.721458196640015,
    "direction": "D3_H"
}