{
    "initial_position": [
        -0.5174363518990872,
        0.012785671516297337
    ],
    "end_position": [
        -0.597212592853613,
        0.14033481133198977
    ],
    "signal_true_position": [
        -0.6,
        0.13333333333333328
    ],
    "distance_to_true_position": 0.007535936090851653,
    "total_travel_distance": 0.30156594877992976,
    "trial_duration": 4.22467827796936,
    "direction": "D1_L + D4_L"
}