{
    "initial_position": [
        -0.5182833771475772,
        0.004541602347664632
    ],
    "end_position": [
        -0.715305040349999,
        -0.1981680499229959
    ],
    "signal_true_position": [
        -0.7499999999999999,
        -0.2666666666666666
    ],
    "distance_to_true_position": 0.07678411763451787,
    "total_travel_distance": 0.2916187555684458,
    "trial_duration": 4.279535531997681,
    "direction": "D2_M + D4_H"
}