{
    "initial_position": [
        -0.5181739444406167,
        0.006323556421908451
    ],
    "end_position": [
        -0.7479191648351351,
        -0.001986764191843902
    ],
    "signal_true_position": [
        -0.7499999999999999,
        -1.586032892321652e-17
    ],
    "distance_to_true_position": 0.0028769961656788796,
    "total_travel_distance": 0.2361401237870614,
    "trial_duration": 4.50190806388855,
    "direction": "D4_H"
}