{
    "initial_position": [
        -0.5129667387954662,
        0.0008446438837271669
    ],
    "end_position": [
        -0.7075047472085385,
        0.2259306795400544
    ],
    "signal_true_position": [
        -0.7499999999999999,
        0.13333333333333328
    ],
    "distance_to_true_position": 0.10188284955937177,
    "total_travel_distance": 0.33839320129420647,
    "trial_duration": 4.962812662124634,
    "direction": "D1_L + D4_H"
}