{
    "initial_position": [
        -0.518561494918662,
        0.00506955034435984
    ],
    "end_position": [
        -0.5418873966460491,
        -0.3872040138252731
    ],
    "signal_true_position": [
        -0.525,
        -0.3999999999999999
    ],
    "distance_to_true_position": 0.021187765990419813,
    "total_travel_distance": 0.40117755847319525,
    "trial_duration": 4.324909448623657,
    "direction": "D2_H"
}