{
    "initial_position": [
        -0.5143996092995927,
        0.006956869287457479
    ],
    "end_position": [
        -0.3878513331700279,
        -0.21478921904080261
    ],
    "signal_true_position": [
        -0.30000000000000016,
        -0.3999999999999999
    ],
    "distance_to_true_position": 0.2049899756653163,
    "total_travel_distance": 0.337548715142561,
    "trial_duration": 6.407266139984131,
    "direction": "D2_H + D3_H"
}