{
    "initial_position": [
        -0.5166372445986901,
        0.001940633485719892
    ],
    "end_position": [
        -0.38413360982509964,
        -0.005659909831653938
    ],
    "signal_true_position": [
        -0.3750000000000001,
        -1.586032892321652e-17
    ],
    "distance_to_true_position": 0.010745110876096507,
    "total_travel_distance": 0.4254046114576948,
    "trial_duration": 3.770676851272583,
    "direction": "D3_M"
}