{
    "initial_position": [
        -0.516844413085553,
        0.005790904907305552
    ],
    "end_position": [
        -0.40185114917469517,
        -0.23119473541889818
    ],
    "signal_true_position": [
        -0.30000000000000016,
        -0.13333333333333333
    ],
    "distance_to_true_position": 0.14124627643360577,
    "total_travel_distance": 0.2819002683950801,
    "trial_duration": 4.638448238372803,
    "direction": "D2_L + D3_H"
}