{
    "initial_position": [
        -0.5140952623711527,
        0.003324221312332065
    ],
    "end_position": [
        -0.29569511309055435,
        0.046343868267880395
    ],
    "signal_true_position": [
        -0.30000000000000016,
        0.2666666666666666
    ],
    "distance_to_true_position": 0.22036485097577452,
    "total_travel_distance": 0.25829329028014486,
    "trial_duration": 9.836100339889526,
    "direction": "D1_M + D3_H"
}