{
    "initial_position": [
        -0.5182493538699227,
        0.003342818174508301
    ],
    "end_position": [
        -0.4316478215872142,
        -0.0018031152542537197
    ],
    "signal_true_position": [
        -0.45000000000000007,
        -1.586032892321652e-17
    ],
    "distance_to_true_position": 0.018440544382280193,
    "total_travel_distance": 0.09005467055234327,
    "trial_duration": 3.176910638809204,
    "direction": "D3_L"
}