{
    "initial_position": [
        -0.5158256989667042,
        0.0038599769012150342
    ],
    "end_position": [
        -0.39940613835047256,
        -0.2883781092194853
    ],
    "signal_true_position": [
        -0.3750000000000001,
        0.13333333333333328
    ],
    "distance_to_true_position": 0.4224170928941697,
    "total_travel_distance": 0.32452256590921674,
    "trial_duration": 6.131110429763794,
    "direction": "D1_L + D3_M"
}