{
    "initial_position": [
        -0.5168375552505761,
        0.000992311418530475
    ],
    "end_position": [
        -0.6816371842177437,
        0.20188798842879047
    ],
    "signal_true_position": [
        -0.6749999999999999,
        0.13333333333333328
    ],
    "distance_to_true_position": 0.06887519836339755,
    "total_travel_distance": 0.2820584270894988,
    "trial_duration": 6.300335168838501,
    "direction": "D1_L + D4_M"
}