{
    "initial_position": [
        -0.5171115827425012,
        0.008136904724157325
    ],
    "end_position": [
        -0.3914249723622794,
        0.15288362836655014
    ],
    "signal_true_position": [
        -0.30000000000000016,
        0.3999999999999999
    ],
    "distance_to_true_position": 0.2634862931932604,
    "total_travel_distance": 0.22558110865698563,
    "trial_duration": 7.8061134815216064,
    "direction": "D1_H + D3_H"
}