{
    "initial_position": [
        -0.5177373907511205,
        0.00284787915412912
    ],
    "end_position": [
        -0.7221161476480382,
        -0.12004544403316057
    ],
    "signal_true_position": [
        -0.7499999999999999,
        -0.13333333333333333
    ],
    "distance_to_true_position": 0.030888140507962663,
    "total_travel_distance": 0.25576110814736464,
    "trial_duration": 4.164812803268433,
    "direction": "D2_L + D4_H"
}