{
    "initial_position": [
        -0.5115707111586282,
        0.004257841123827502
    ],
    "end_position": [
        -0.6893704000474402,
        -0.002742015519155025
    ],
    "signal_true_position": [
        -0.6749999999999999,
        -0.13333333333333333
    ],
    "distance_to_true_position": 0.13137960528928072,
    "total_travel_distance": 0.18204838237017779,
    "trial_duration": 3.759202241897583,
    "direction": "D2_L + D4_M"
}