{
    "initial_position": [
        -0.5130644841418281,
        0.011260242086956113
    ],
    "end_position": [
        -0.5111353353536773,
        -0.12035242830685398
    ],
    "signal_true_position": [
        -0.45000000000000007,
        -0.13333333333333333
    ],
    "distance_to_true_position": 0.06249826496882175,
    "total_travel_distance": 0.13353733406639046,
    "trial_duration": 2.6776084899902344,
    "direction": "D2_L + D3_L"
}