{
    "initial_position": [
        -0.5139114349513028,
        0.00491011204011893
    ],
    "end_position": [
        -0.6150991589075002,
        0.005977984530190238
    ],
    "signal_true_position": [
        -0.6,
        -1.586032892321652e-17
    ],
    "distance_to_true_position": 0.016239485791032238,
    "total_travel_distance": 0.10435338092315675,
    "trial_duration": 3.223811626434326,
    "direction": "D4_L"
}