{
    "initial_position": [
        -0.5177817692258591,
        0.0035353409621014923
    ],
    "end_position": [
        -0.4007087418406959,
        0.301767545128556
    ],
    "signal_true_position": [
        -0.3750000000000001,
        0.3999999999999999
    ],
    "distance_to_true_position": 0.10154090110444068,
    "total_travel_distance": 0.3344573295593945,
    "trial_duration": 4.9842846393585205,
    "direction": "D1_H + D3_M"
}