{
    "initial_position": [
        -0.5184884500926478,
        0.002007151393205467
    ],
    "end_position": [
        -0.5036861614672719,
        0.18611799887587727
    ],
    "signal_true_position": [
        -0.525,
        0.2666666666666666
    ],
    "distance_to_true_position": 0.08332087131007544,
    "total_travel_distance": 0.2822910726021513,
    "trial_duration": 4.737795352935791,
    "direction": "D1_M"
}