{
    "initial_position": [
        -0.516443159046941,
        0.001368230712183392
    ],
    "end_position": [
        -0.6092914589583159,
        -0.20005648574808538
    ],
    "signal_true_position": [
        -0.6,
        -0.13333333333333333
    ],
    "distance_to_true_position": 0.06736698210352236,
    "total_travel_distance": 0.28152525093405895,
    "trial_duration": 4.341867685317993,
    "direction": "D2_L + D4_L"
}