{
    "initial_position": [
        -0.518374589115412,
        0.00266895720705794
    ],
    "end_position": [
        -0.6752104014375547,
        0.002799204789934763
    ],
    "signal_true_position": [
        -0.6749999999999999,
        -1.586032892321652e-17
    ],
    "distance_to_true_position": 0.0028071010350393406,
    "total_travel_distance": 0.1705748447859848,
    "trial_duration": 3.8307323455810547,
    "direction": "D4_M"
}