{
    "initial_position": [
        -0.5192116488197723,
        0.0020461967162215804
    ],
    "end_position": [
        -0.3949158455844976,
        -0.2360576331832163
    ],
    "signal_true_position": [
        -0.3750000000000001,
        -0.13333333333333333
    ],
    "distance_to_true_position": 0.10463709994545058,
    "total_travel_distance": 0.28286960943226397,
    "trial_duration": 8.265734910964966,
    "direction": "D2_L + D3_M"
}