{
    "initial_position": [
        -0.5151687480726092,
        0.005006318388253082
    ],
    "end_position": [
        -0.40735975302036376,
        -0.3376759718743024
    ],
    "signal_true_position": [
        -0.30000000000000016,
        -0.3999999999999999
    ],
    "distance_to_true_position": 0.12413863641270675,
    "total_travel_distance": 0.37291315768579697,
    "trial_duration": 4.802940607070923,
    "direction": "D2_H + D3_H"
}