{
    "initial_position": [
        -0.5165477621914403,
        0.0063569624987045575
    ],
    "end_position": [
        -0.7313250149061387,
        -0.10780563486932938
    ],
    "signal_true_position": [
        -0.7499999999999999,
        -0.13333333333333333
    ],
    "distance_to_true_position": 0.03162939229775129,
    "total_travel_distance": 0.2528041540689553,
    "trial_duration": 3.766960859298706,
    "direction": "D2_L + D4_H"
}