{
    "initial_position": [
        -0.5172529116797221,
        0.0075971518790531115
    ],
    "end_position": [
        -0.41525857232748786,
        -0.22966449505982992
    ],
    "signal_true_position": [
        -0.3750000000000001,
        -0.3999999999999999
    ],
    "distance_to_true_position": 0.17502838880898788,
    "total_travel_distance": 0.26282359616296197,
    "trial_duration": 4.434945106506348,
    "direction": "D2_H + D3_M"
}