{
    "initial_position": [
        -0.5164068003199064,
        0.001636186428217161
    ],
    "end_position": [
        -0.6649201911208942,
        -0.302669717301147
    ],
    "signal_true_position": [
        -0.6749999999999999,
        -0.3999999999999999
    ],
    "distance_to_true_position": 0.09785083789767936,
    "total_travel_distance": 0.39071454894013247,
    "trial_duration": 5.750988245010376,
    "direction": "D2_H + D4_M"
}