{
    "initial_position": [
        -0.5182835918499362,
        0.008068068332649694
    ],
    "end_position": [
        -0.5368600699748403,
        -0.28086834892774193
    ],
    "signal_true_position": [
        -0.525,
        -0.2666666666666666
    ],
    "distance_to_true_position": 0.01850267653213038,
    "total_travel_distance": 0.2927505347029333,
    "trial_duration": 3.7136940956115723,
    "direction": "D2_M"
}