{
    "initial_position": [
        -0.5141508577914368,
        0.004683915313858651
    ],
    "end_position": [
        -0.4151338850080466,
        -0.12536868283616556
    ],
    "signal_true_position": [
        -0.45000000000000007,
        -0.13333333333333333
    ],
    "distance_to_true_position": 0.03576425075650484,
    "total_travel_distance": 0.17169294615930947,
    "trial_duration": 3.3218750953674316,
    "direction": "D2_L + D3_L"
}