{
    "initial_position": [
        -0.5134702066743754,
        0.0035964446844857084
    ],
    "end_position": [
        -0.6407798748732008,
        -0.112224773024798
    ],
    "signal_true_position": [
        -0.6749999999999999,
        -0.13333333333333333
    ],
    "distance_to_true_position": 0.0402068188494547,
    "total_travel_distance": 0.178818594215053,
    "trial_duration": 4.033543348312378,
    "direction": "D2_L + D4_M"
}