{
    "initial_position": [
        -0.518170865335615,
        0.004859461019379743
    ],
    "end_position": [
        -0.36952415880308176,
        -0.09660774285537738
    ],
    "signal_true_position": [
        -0.3750000000000001,
        -0.13333333333333333
    ],
    "distance_to_true_position": 0.03713157460663899,
    "total_travel_distance": 0.18965505519623935,
    "trial_duration": 4.074910402297974,
    "direction": "D2_L + D3_M"
}