{
    "initial_position": [
        -0.5094582529793172,
        0.008680524870992322
    ],
    "end_position": [
        -0.4484980701553898,
        0.005823147168180113
    ],
    "signal_true_position": [
        -0.45000000000000007,
        -1.586032892321652e-17
    ],
    "distance_to_true_position": 0.006013720661987495,
    "total_travel_distance": 0.06343448670680628,
    "trial_duration": 2.3540432453155518,
    "direction": "D3_L"
}