{
    "initial_position": [
        -0.514607486807567,
        0.005950251007938237
    ],
    "end_position": [
        -0.7522822000668219,
        -0.0020656527886500006
    ],
    "signal_true_position": [
        -0.7499999999999999,
        -1.586032892321652e-17
    ],
    "distance_to_true_position": 0.003078207041162082,
    "total_travel_distance": 0.24344687172151486,
    "trial_duration": 4.147125959396362,
    "direction": "D4_H"
}