{
    "initial_position": [
        -0.51392833317781,
        0.008217327661484412
    ],
    "end_position": [
        -0.6658983740196409,
        -0.00012552724291822054
    ],
    "signal_true_position": [
        -0.6749999999999999,
        -1.586032892321652e-17
    ],
    "distance_to_true_position": 0.009102491558637169,
    "total_travel_distance": 0.15803500014371377,
    "trial_duration": 3.07948899269104,
    "direction": "D4_M"
}