{
    "initial_position": [
        -0.5171877236777966,
        0.0074955629923471314
    ],
    "end_position": [
        -0.40370752089155626,
        -0.005025462847839573
    ],
    "signal_true_position": [
        -0.3750000000000001,
        -1.586032892321652e-17
    ],
    "distance_to_true_position": 0.02914407371274902,
    "total_travel_distance": 0.49673465597408734,
    "trial_duration": 4.397796630859375,
    "direction": "D3_M"
}