{
    "initial_position": [
        -0.5170025892056415,
        0.0062215471570797485
    ],
    "end_position": [
        -0.38291154763805585,
        -0.22784690144949074
    ],
    "signal_true_position": [
        -0.45000000000000007,
        -0.2666666666666666
    ],
    "distance_to_true_position": 0.07751022262797028,
    "total_travel_distance": 0.28268288772893335,
    "trial_duration": 5.418165922164917,
    "direction": "D2_M + D3_L"
}