{
    "initial_position": [
        -0.5117008366062853,
        0.008163404432075139
    ],
    "end_position": [
        -0.28235041088287705,
        -0.023232489701080897
    ],
    "signal_true_position": [
        -0.30000000000000016,
        -0.13333333333333333
    ],
    "distance_to_true_position": 0.11150651893291696,
    "total_travel_distance": 0.31954983966697864,
    "trial_duration": 8.030833005905151,
    "direction": "D2_L + D3_H"
}