{
    "initial_position": [
        -0.5160029778773769,
        0.006429171827796232
    ],
    "end_position": [
        -0.43900307892659785,
        -0.08778506331660657
    ],
    "signal_true_position": [
        -0.45000000000000007,
        -0.13333333333333333
    ],
    "distance_to_true_position": 0.04685698640129653,
    "total_travel_distance": 0.19501210078380712,
    "trial_duration": 8.386999607086182,
    "direction": "D2_L + D3_L"
}