{
    "initial_position": [
        -0.5151283296789386,
        0.0049516583246324575
    ],
    "end_position": [
        -0.2816064344458993,
        -0.015308838599115387
    ],
    "signal_true_position": [
        -0.30000000000000016,
        -1.586032892321652e-17
    ],
    "distance_to_true_position": 0.023930812628215763,
    "total_travel_distance": 0.24178006997626292,
    "trial_duration": 5.841910123825073,
    "direction": "D3_H"
}