{
    "initial_position": [
        -0.5149592638896486,
        0.008238371495577945
    ],
    "end_position": [
        -0.6629643758495024,
        0.0067927306369212175
    ],
    "signal_true_position": [
        -0.6749999999999999,
        -1.586032892321652e-17
    ],
    "distance_to_true_position": 0.013820182278023964,
    "total_travel_distance": 0.15508019716088403,
    "trial_duration": 4.155050277709961,
    "direction": "D4_M"
}