{
    "initial_position": [
        -0.5149369230328787,
        0.0056603687926451846
    ],
    "end_position": [
        -0.5938539422939769,
        0.0016974755062694191
    ],
    "signal_true_position": [
        -0.6,
        -1.586032892321652e-17
    ],
    "distance_to_true_position": 0.006376162515192823,
    "total_travel_distance": 0.08588373276746845,
    "trial_duration": 4.942980051040649,
    "direction": "D4_L"
}