{
    "initial_position": [
        -0.5146551232763491,
        0.010877627104447729
    ],
    "end_position": [
        -0.5181573294638042,
        -0.20132035007668475
    ],
    "signal_true_position": [
        -0.45000000000000007,
        -0.2666666666666666
    ],
    "distance_to_true_position": 0.09442225718291045,
    "total_travel_distance": 0.2411539829330358,
    "trial_duration": 6.94335150718689,
    "direction": "D2_M + D3_L"
}