{
    "initial_position": [
        -0.5097367736685219,
        0.007681812598946472
    ],
    "end_position": [
        -0.4453001934386092,
        0.19494625518566927
    ],
    "signal_true_position": [
        -0.45000000000000007,
        0.13333333333333328
    ],
    "distance_to_true_position": 0.061791911452038405,
    "total_travel_distance": 0.36372116973841423,
    "trial_duration": 10.11094331741333,
    "direction": "D1_L + D3_L"
}