{
    "initial_position": [
        -0.5070696757138607,
        0.008388783664439986
    ],
    "end_position": [
        -0.4339643164409781,
        0.002785816304722799
    ],
    "signal_true_position": [
        -0.45000000000000007,
        -1.586032892321652e-17
    ],
    "distance_to_true_position": 0.016275869245258357,
    "total_travel_distance": 0.07875507744512161,
    "trial_duration": 3.707425594329834,
    "direction": "D3_L"
}