{
    "initial_position": [
        -0.5117365914694038,
        0.005497226237506647
    ],
    "end_position": [
        -0.29904809042209207,
        0.34363222056173287
    ],
    "signal_true_position": [
        -0.30000000000000016,
        0.3999999999999999
    ],
    "distance_to_true_position": 0.05637581654083277,
    "total_travel_distance": 0.4326962403930173,
    "trial_duration": 7.326917409896851,
    "direction": "D1_H + D3_H"
}