{
    "initial_position": [
        -0.5086487250440468,
        0.0040977504769965645
    ],
    "end_position": [
        -0.5705446909419543,
        0.06901929348385805
    ],
    "signal_true_position": [
        -0.6,
        0.13333333333333328
    ],
    "distance_to_true_position": 0.07073832733013186,
    "total_travel_distance": 0.09765931127992286,
    "trial_duration": 4.335975885391235,
    "direction": "D1_L + D4_L"
}