{
    "initial_position": [
        -0.5122772992430905,
        0.0065635266550755356
    ],
    "end_position": [
        -0.4025203209246966,
        -0.22291166204975174
    ],
    "signal_true_position": [
        -0.30000000000000016,
        -0.2666666666666666
    ],
    "distance_to_true_position": 0.11146711008871177,
    "total_travel_distance": 0.2737074308488643,
    "trial_duration": 5.888935089111328,
    "direction": "D2_M + D3_H"
}