{
    "initial_position": [
        -0.5119260207330734,
        0.006846444617372993
    ],
    "end_position": [
        -0.6725995024846118,
        0.12575887449112239
    ],
    "signal_true_position": [
        -0.7499999999999999,
        0.13333333333333328
    ],
    "distance_to_true_position": 0.07777023493845156,
    "total_travel_distance": 0.21770712508076806,
    "trial_duration": 7.820199251174927,
    "direction": "D1_L + D4_H"
}