{
    "initial_position": [
        -0.5107606967108829,
        0.0025624611718609996
    ],
    "end_position": [
        -0.7009159844726551,
        -0.26872276766246095
    ],
    "signal_true_position": [
        -0.6749999999999999,
        -0.2666666666666666
    ],
    "distance_to_true_position": 0.025997419150596692,
    "total_travel_distance": 0.365003028896289,
    "trial_duration": 8.975177764892578,
    "direction": "D2_M + D4_M"
}