{
    "initial_position": [
        -0.511730457018728,
        0.0054548815082686025
    ],
    "end_position": [
        -0.7448255399395837,
        -0.09626113068555205
    ],
    "signal_true_position": [
        -0.6749999999999999,
        -0.13333333333333333
    ],
    "distance_to_true_position": 0.07905665207313402,
    "total_travel_distance": 0.28571810761268596,
    "trial_duration": 7.283109903335571,
    "direction": "D2_L + D4_M"
}