{
    "initial_position": [
        -0.5142701953849476,
        0.007132935717773042
    ],
    "end_position": [
        -0.7111406991964591,
        0.14438480571813989
    ],
    "signal_true_position": [
        -0.6749999999999999,
        0.13333333333333328
    ],
    "distance_to_true_position": 0.03779266040226706,
    "total_travel_distance": 0.24922409281914726,
    "trial_duration": 5.65806770324707,
    "direction": "D1_L + D4_M"
}