{
    "initial_position": [
        -0.5125064509104076,
        0.007778169976913631
    ],
    "end_position": [
        -0.5321529265558431,
        0.3893514792133988
    ],
    "signal_true_position": [
        -0.525,
        0.3999999999999999
    ],
    "distance_to_true_position": 0.012827913051465595,
    "total_travel_distance": 0.3976862051761925,
    "trial_duration": 4.33615255355835,
    "direction": "D1_H"
}