{
    "user_id": "2",
    "hand": "L",
    "device_type": "ring",
    "trial_order": [
        1,
        3,
        2,
        3,
        1,
        2,
        2,
        3,
        1,
        2,
        3,
        3,
        1,
        2,
        1
    ],
    "responses": [
        1,
        2,
        3,
        1,
        2,
        3,
        1,
        2,
        3,
        1,
        2,
        3,
        1,
        2,
        3
    ],
    "response_times": [
        1.8839266300201416,
        0.6496376991271973,
        0.05777096748352051,
        1.034212350845337,
        1.100153923034668,
        0.21699905395507812,
        3.3063716888427734,
        0.17788434028625488,
        1.4485442638397217,
        2.0832717418670654,
        0.6262929439544678,
        1.7811667919158936,
        1.5942738056182861,
        0.9601016044616699,
        1.0807437896728516
    ],
    "correct_response_times": [
        1.8839266300201416,
        1.7811667919158936,
        1.5942738056182861,
        0.9601016044616699
    ],
    "incorrect_response_times": [
        0.6496376991271973,
        0.05777096748352051,
        1.034212350845337,
        1.100153923034668,
        0.21699905395507812,
        3.3063716888427734,
        0.17788434028625488,
        1.4485442638397217,
        2.0832717418670654,
        0.6262929439544678,
        1.0807437896728516
    ],
    "confusion_matrix_percentages": [
        [
            40.0,
            20.0,
            40.0
        ],
        [
            40.0,
            20.0,
            40.0
        ],
        [
            20.0,
            60.0,
            20.0
        ]
    ],
    "avg_response_time_correct": 1.5548672080039978,
    "avg_response_time_incorrect": 1.0710802511735396
}