{
    "user_id": "1",
    "hand": "R",
    "device_type": "Ring",
    "display_id": "Index",
    "trial_order": [
        1,
        3,
        2,
        2,
        2,
        1,
        2,
        3,
        3,
        3,
        1,
        1,
        2,
        3,
        1
    ],
    "responses": [
        2,
        3,
        2,
        2,
        2,
        1,
        1,
        1,
        1,
        1,
        2,
        3,
        1,
        1,
        2
    ],
    "response_times": [
        8.257469177246094,
        1.5367982387542725,
        1.7768561840057373,
        1.1023461818695068,
        0.8696956634521484,
        1.2744321823120117,
        3.854916572570801,
        2.070462226867676,
        2.069187879562378,
        1.1698589324951172,
        2.3391692638397217,
        1.442216396331787,
        1.341465711593628,
        1.1099114418029785,
        0.8393783569335938
    ],
    "correct_response_times": [
        1.5367982387542725,
        1.7768561840057373,
        1.1023461818695068,
        0.8696956634521484,
        1.2744321823120117
    ],
    "incorrect_response_times": [
        8.257469177246094,
        3.854916572570801,
        2.070462226867676,
        2.069187879562378,
        1.1698589324951172,
        2.3391692638397217,
        1.442216396331787,
        1.341465711593628,
        1.1099114418029785,
        0.8393783569335938
    ],
    "confusion_matrix_percentages": [
        [
            20.0,
            60.0,
            20.0
        ],
        [
            40.0,
            60.0,
            0.0
        ],
        [
            80.0,
            0.0,
            20.0
        ]
    ],
    "avg_response_time_correct": 1.3120256900787353,
    "avg_response_time_incorrect": 2.4494035959243776
}