{
    "user_id": "3",
    "hand": "L",
    "device_type": "Ring",
    "display_id": "1",
    "trial_order": [
        1,
        3,
        3,
        3,
        2,
        2,
        1,
        3,
        1,
        3,
        2,
        1,
        2,
        2,
        1
    ],
    "responses": [
        1,
        2,
        2,
        1,
        2,
        2,
        1,
        2,
        1,
        2,
        2,
        1,
        2,
        2,
        1
    ],
    "response_times": [
        3.5324294567108154,
        2.8842811584472656,
        2.4324846267700195,
        2.6735036373138428,
        1.510223150253296,
        1.0276024341583252,
        1.6007604598999023,
        5.874767065048218,
        1.2997820377349854,
        1.638612985610962,
        1.346536636352539,
        1.2562263011932373,
        1.4792428016662598,
        0.9640896320343018,
        1.1531314849853516
    ],
    "correct_response_times": [
        3.5324294567108154,
        1.510223150253296,
        1.0276024341583252,
        1.6007604598999023,
        1.2997820377349854,
        1.346536636352539,
        1.2562263011932373,
        1.4792428016662598,
        0.9640896320343018,
        1.1531314849853516
    ],
    "incorrect_response_times": [
        2.8842811584472656,
        2.4324846267700195,
        2.6735036373138428,
        5.874767065048218,
        1.638612985610962
    ],
    "confusion_matrix_percentages": [
        [
            100.0,
            0.0,
            0.0
        ],
        [
            0.0,
            100.0,
            0.0
        ],
        [
            20.0,
            80.0,
            0.0
        ]
    ],
    "avg_response_time_correct": 1.5170024394989015,
    "avg_response_time_incorrect": 3.1007298946380617
}